{
  "version": 1,
  "author": "Anonymous maker",
  "editor": "wokwi",
  "parts": [
    { "type": "wokwi-esp32-devkit-v1", "id": "esp", "top": -74.67, "left": -40, "attrs": {} },
    {
      "type": "wokwi-led",
      "id": "led1",
      "top": -61.2,
      "left": -168.6,
      "attrs": { "color": "yellow", "flip": "" }
    }
  ],
  "connections": [
    [ "esp:TX0", "$serialMonitor:RX", "", [] ],
    [ "esp:RX0", "$serialMonitor:TX", "", [] ],
    [ "led1:A", "esp:D25", "green", [ "v0" ] ],
    [ "led1:C", "esp:GND.1", "green", [ "v96", "h211.2" ] ]
  ],
  "dependencies": {}
}